Workbook

Sheet 1º Trimestre 2024
C6: 45321 | F6: 45350 | I6: 45377
C7: Inês | D7: Dany | F7: Inês | G7: Dany | I7: Inês | J7: Dany
B8: Conta à Ordem | C8: 947.53 | D8: 605.12 | E8: Conta à Ordem | F8: 1145.67 | G8: 774.67 | H8: Conta à Ordem | I8: 1041.64 | J8: 976.6
B9: Conta Poupança | C9: 1393.74 | D9: 1387.15 | E9: Conta Poupança | F9: 1123.14 | G9: 451.15 | H9: Conta Poupança | I9: 1803.14 | J9: 1271.15
B10: Conta Conjunta | C10: 913.49 | E10: Conta Conjunta | F10: 980.9 | H10: Conta Conjunta | I10: 1087.69
B11: Certificados de Aforro | C11: 36000 | D11: 4500 | E11: Certificados de Aforro | F11: 15100 | G11: 4500 | H11: Certificados de Aforro | I11: 15100 | J11: 4500
B12: Trade Republic (Saldo) | C12: 3276.61 | D12: 2985.66 | E12: Trade Republic (Saldo) | F12: 258.54 | G12: 64.17 | H12: Trade Republic (Saldo) | I12: 234.4 | J12: 39.88
B13: PPR (não se pode levantar) | D13: 2200 | E13: PPR (não se pode levantar) | G13: 2200 | H13: PPR (não se pode levantar) | J13: 2200
B14: Ações Accenture | C14: 1238.77 | D14: 3407.44 | E14: Ações Accenture | F14: 1238.77 | G14: 3407.44 | H14: Ações Accenture | I14: 1238.77 | J14: 3407.44
B15: DEGIRO | D15: 663.34 | E15: DEGIRO | G15: 682.15 | H15: DEGIRO | J15: 702.75
B16: XTB | D16: 142.59 | E16: XTB | G16: 145.87 | H16: XTB | J16: 149.3
B18: Total juntos | C18: =SUM(C8:D16) -> 59661.44 | E18: Total juntos | F18: =SUM(F8:G16) -> 32072.47 | H18: Total juntos | I18: =SUM(I8:J16) -> 33752.76
B19: Total Individual | C19: =SUM(C8,C9,C11,C12,C14) -> 42856.65 | D19: =SUM(D8,D9,D11,D12,D13,D14,D15,D16) -> 15891.3 | E19: Total Individual | F19: =SUM(F8,F9,F11,F12,F14) -> 18866.12 | G19: =SUM(G8,G9,G11,G12,G13,G14,G15,G16) -> 12225.45 | H19: Total Individual | I19: =SUM(I8,I9,I11,I12,I14) -> 19417.95 | J19: =SUM(J8,J9,J11,J12,J13,J14,J15,J16) -> 13247.12
B22: Dinheiro total possivel casa | C22: =SUM(C8,D8,C9,D9,C11,D11,C12,D12) -> 51095.81 | E22: Dinheiro total possivel casa | F22: =SUM(F8,F9,G9,G8,F11,F12,G12,G11) -> 23417.34 | H22: Dinheiro total possivel casa | I22: =SUM(I8,I9,J9,J8,I11,I12,J12,J11) -> 24966.81
B23: Dinheiro possivel casa individual | C23: =SUM(C9,C8,C11,C12) -> 41617.88 | D23: =SUM(D9,D8,D11,D12) -> 9477.93 | E23: Dinheiro possivel casa individual | F23: =SUM(F9,F8,F11,F12) -> 17627.35 | G23: =SUM(G9,G8,G11,G12) -> 5789.99 | H23: Dinheiro possivel casa individual | I23: =SUM(I9,I8,I11,I12) -> 18179.18 | J23: =SUM(J9,J8,J11,J12) -> 6787.63
B25: Ganho/Perda Casa Total Mensal | E25: Ganho/Perda Casa Total Mensal | F25: =F22-C22 -> -27678.47 | H25: Ganho/Perda Casa Total Mensal | I25: =I22-F22 -> 1549.47
B26: Ganho/Perda Casa Individual Mensal | E26: Ganho/Perda Casa Individual Mensal | F26: =F23-C23 -> -23990.53 | G26: =G23-D23 -> -3687.94 | H26: Ganho/Perda Casa Individual Mensal | I26: =I23-F23 -> 551.83 | J26: =J23-G23 -> 997.64
B28: Dinheiro investido total (não possível casa) | C28: =C29+D29 -> 14979 | E28: Dinheiro investido total (não possível casa) | F28: =F29+G29 -> 15090.59 | H28: Dinheiro investido total (não possível casa) | I28: =I29+J29 -> 15245.44
B29: Dinheiro investido individual (não possível casa) | C29: =C18-C22 -> 8565.63 | D29: =D19-D23 -> 6413.37 | E29: Dinheiro investido individual (não possível casa) | F29: =F18-F22 -> 8655.13 | G29: =G19-G23 -> 6435.46 | H29: Dinheiro investido individual (não possível casa) | I29: =I18-I22 -> 8785.95 | J29: =J19-J23 -> 6459.49
B31: Legenda:
B33: Ações Accenture | C33: valor de hoje
B34: Trade Republic | E34: Balanço Ganho/Perda Casa Trimestral | F34: =SUM(I25,F25,C25) -> -26129
B35: Certificados de Aforro | C35: valor colocado sem lucro | E35: Balanço Ganho/Perda Casa Trimestral | F35: =SUM(I26,F26,C26) -> -23438.7 | G35: =SUM(J26,G26,D26) -> -2690.3
B37: Dinheiro investido sem ser para a casa
B38: Dinheiro possível para casa
B39: Dinheiro total

Sheet 2º Trimestre 2024
C4: 45407 | F4: 29 de maio de 2024 | I4: 27 de junho 2024
C5: Inês | D5: Dany | F5: Inês | G5: Dany | I5: Inês | J5: Dany
B6: Conta à Ordem | C6: 960.17 | D6: 1299.65 | E6: Conta à Ordem | F6: 1417.22 | G6: 1013.86 | H6: Conta à Ordem | I6: 2996.67 | J6: 1266.9
B7: Conta Poupança | C7: 1353.93 | D7: 1001.15 | E7: Conta Poupança | F7: 983.93 | G7: 1201.15 | H7: Conta Poupança | I7: 444.35 | J7: 2281.15
B8: Conta Conjunta | C8: 905.72 | E8: Conta Conjunta | F8: 903.71 | H8: Conta Conjunta | I8: 923.72
B9: Certificados de Aforro | C9: 15564.93 | D9: 4660.09 | E9: Certificados de Aforro | F9: 15676.97 | G9: 4671.22 | H9: Certificados de Aforro | I9: 15676.97 | J9: 4678.67
B10: Trade Republic (Carteira) | C10: 252.49 | D10: 249.32 | E10: Trade Republic (Carteira) | F10: 291.74 | G10: 289.31 | H10: Trade Republic (Carteira) | I10: 549.33 | J10: 337.37
B11: Trade Republic (Saldo) | C11: 1205.3 | D11: 1280.04 | E11: Trade Republic (Saldo) | F11: 1779.01 | G11: 3893.94 | H11: Trade Republic (Saldo) | I11: 3441.88 | J11: 4632.9
B12: PPR (não se pode levantar) | D12: 2200 | E12: PPR (não se pode levantar) | G12: 3017.05 | H12: PPR (não se pode levantar) | I12: 1005.33 | J12: 3100.21
B13: Ações Accenture | C13: 1180.37 | D13: 3407.44 | E13: Ações Accenture | F13: 1926.95 | G13: 4495.43 | H13: Ações Accenture | I13: 1997.83 | J13: 4841.73
B14: DEGIRO | D14: 685.82 | E14: DEGIRO | G14: 704.25 | H14: DEGIRO | J14: 746.97
B15: XTB | D15: 147.03 | E15: XTB | G15: 149.74 | H15: XTB | J15: 153.94
B17: Total juntos | C17: =SUM(C6:C7,C9:C13,C14,C15,D6:D7,D9:D15) -> 35447.73 | E17: Total juntos | F17: =SUM(F6:F7,F9:F13,F14,F15,G6:G7,G9:G15) -> 41511.77 | H17: Total juntos | I17: =SUM(I6:I7,I9:I13,I14,I15,J6:J7,J9:J15) -> 48152.2
B18: Total Individual | C18: =SUM(C6,C7,C9,C11,C13,C10) -> 20517.19 | D18: =SUM(D6,D7,D9,D11,D12,D13,D14,D15,D10) -> 14930.54 | E18: Total Individual | F18: =SUM(F6,F7,F9,F11,F13,F10) -> 22075.82 | G18: =SUM(G6,G7,G9,G11,G12,G13,G14,G15,G10) -> 19435.95 | H18: Total Individual | I18: =SUM(I6,I7,I9,I11,I13,I12,I10) -> 26112.36 | J18: =SUM(J6,J7,J9,J11,J12,J13,J14,J15,J10) -> 22039.84
B21: Dinheiro total possivel casa | C21: =SUM(C6,D6,C7,D7,C9,D9,C11,D11) -> 27325.26 | E21: Dinheiro total possivel casa | F21: =SUM(F6,F7,G7,G6,F9,F11,G11,G9) -> 30637.3 | H21: Dinheiro total possivel casa | I21: =SUM(I6,I7,J7,J6,I9,I11,J11,J9) -> 35419.49
B22: Dinheiro possivel casa individual | C22: =SUM(C6,C7,C9,C11) -> 19084.33 | D22: =SUM(D6,D7,D9,D11) -> 8240.93 | E22: Dinheiro possivel casa individual | F22: =SUM(F6,F7,F9,F11) -> 19857.13 | G22: =SUM(G6,G7,G9,G11) -> 10780.17 | H22: Dinheiro possivel casa individual | I22: =SUM(I6,I7,I9,I11) -> 22559.87 | J22: =SUM(J6,J7,J9,J11) -> 12859.62
B24: Ganho/Perda Casa Total Mensal | C24: =C21-'1º Trimestre 2024'!I22 -> 2358.45 | E24: Ganho/Perda Casa Total Mensal | F24: =F21-C21 -> 3312.04 | H24: Ganho/Perda Casa Total Mensal | I24: =I21-F21 -> 4782.19
B25: Ganho/Perda Casa Individual Mensal | C25: =C22-'1º Trimestre 2024'!I23 -> 905.15 | D25: =D22-'1º Trimestre 2024'!J23 -> 1453.3 | E25: Ganho/Perda Casa Individual Mensal | F25: =F22-C22 -> 772.8 | G25: =G22-D22 -> 2539.24 | H25: Ganho/Perda Casa Individual Mensal | I25: =I22-F22 -> 2702.74 | J25: =J22-G22 -> 2079.45
B28: Dinheiro investido total (não possível casa) | C28: =C29+D29 -> 8122.47 | E28: Dinheiro investido total (não possível casa) | F28: =F29+G29 -> 10874.47 | H28: Dinheiro investido total (não possível casa) | I28: =I29+J29 -> 12732.71
B29: Dinheiro investido individual (não possível casa) | C29: =C18-C22 -> 1432.86 | D29: =D18-D22 -> 6689.61 | E29: Dinheiro investido individual (não possível casa) | F29: =F18-F22 -> 2218.69 | G29: =G18-G22 -> 8655.78 | H29: Dinheiro investido individual (não possível casa) | I29: =I18-I22 -> 3552.49 | J29: =J18-J22 -> 9180.22
B31: Legenda:
B33: Ações Accenture | C33: valor de hoje | E33: Balanço Ganho/Perda Casa Trimestral | F33: =SUM(I24,F24,C24) -> 10452.68
B34: Trade Republic | C34: Saldo + Carteira | E34: Balanço Ganho/Perda Casa Trimestral | F34: =SUM(I25,F25,C25) -> 4380.69 | G34: =SUM(J25,G25,D25) -> 6071.99
B35: Certificados de Aforro | C35: valor colocado com lucro
B36: PPR (não se pode levantar) | C36: com valorização
B38: Dinheiro investido sem ser para a casa
B39: Dinheiro possível para casa
B40: Dinheiro total

Sheet 3º Trimestre 2024
C4: 45498 | F4: 29 de agosto de 2024 | I4: 27 de setembro 2024
C5: Inês | D5: Dany | F5: Inês | G5: Dany | I5: Inês | J5: Dany
B6: Conta à Ordem | C6: 1964.35 | D6: 912.15 | E6: Conta à Ordem | F6: 1303.12 | G6: 496.27 | H6: Conta à Ordem | I6: 1485.3 | J6: 830.45
B7: Conta Poupança | C7: 1894.35 | D7: 2281.15 | E7: Conta Poupança | F7: 1494.85 | G7: 1581.15 | H7: Conta Poupança | I7: 1344.85 | J7: 1281.15
B8: Conta Conjunta | C8: 901.8 | E8: Conta Conjunta | F8: 958.96 | H8: Conta Conjunta | I8: 1105.01
B9: Certificados de Aforro | C9: 15676.97 | D9: 4693.63 | E9: Certificados de Aforro | F9: 15789.92 | G9: 4693.63 | H9: Certificados de Aforro | I9: 15789.92 | J9: 4712.36
B10: Trade Republic (Carteira) | C10: 661.07 | D10: 364.64 | E10: Trade Republic (Carteira) | F10: 939.22 | G10: 396.99 | H10: Trade Republic (Carteira) | I10: 959.31 | J10: 435.56
B11: Trade Republic (Saldo) | C11: 4327.5 | D11: 4617.25 | E11: Trade Republic (Saldo) | F11: 5069.15 | G11: 4852.21 | H11: Trade Republic (Saldo) | I11: 6085.53 | J11: 4837.77
B12: PPR (não se pode levantar) | C12: 946.24 | D12: 2927.16 | E12: PPR (não se pode levantar) | F12: 956.2 | G12: 3709.53 | H12: PPR (não se pode levantar) | I12: 972.07 | J12: 3777.57
B13: Ações Accenture | C13: 2121.92 | D13: 5157.45 | E13: Ações Accenture | F13: 2138.13 | G13: 5196.71 | H13: Ações Accenture | I13: 2226.38 | J13: 5459.41
B14: DEGIRO | D14: 736.08 | E14: DEGIRO | G14: 737.36 | H14: DEGIRO | J14: 752.92
B15: XTB | D15: 153.94 | E15: XTB | G15: 154.69 | H15: XTB | J15: 157.5
B17: Total juntos | C17: =SUM(C6:C7,C9:C13,C14,C15,D6:D7,D9:D15) -> 49435.85 | E17: Total juntos | F17: =SUM(F6:F7,F9:F13,F14,F15,G6:G7,G9:G15) -> 49509.13 | H17: Total juntos | I17: =SUM(I6,J6,I7,J7,I9,J9,I10,J10,I11,J11,I12,J12,I13,J13,J14,J15) -> 51108.05
B18: Total Individual | C18: =SUM(C6,C7,C9,C11,C13,C10,C12) -> 27592.4 | D18: =SUM(D6,D7,D9,D11,D12,D13,D14,D15,D10) -> 21843.45 | E18: Total Individual | F18: =SUM(F6,F7,F9,F11,F13,F10,F12) -> 27690.59 | G18: =SUM(G6,G7,G9,G11,G12,G13,G14,G15,G10) -> 21818.54 | H18: Total Individual | I18: =SUM(I6,I7,I9,I11,I13,I12,I10) -> 28863.36 | J18: =SUM(J6,J7,J9,J11,J12,J13,J14,J15,J10) -> 22244.69
B21: Dinheiro total possivel casa | C21: =SUM(C6,D6,C7,D7,C9,D9,C11,D11) -> 36367.35 | E21: Dinheiro total possivel casa | F21: =SUM(F6,F7,G7,G6,F9,F11,G11,G9) -> 35280.3 | H21: Dinheiro total possivel casa | I21: =SUM(I6,I7,J7,J6,I9,I11,J11,J9) -> 36367.33
B22: Dinheiro possivel casa individual | C22: =SUM(C6,C7,C9,C11) -> 23863.17 | D22: =SUM(D6,D7,D9,D11) -> 12504.18 | E22: Dinheiro possivel casa individual | F22: =SUM(F6,F7,F9,F11) -> 23657.04 | G22: =SUM(G6,G7,G9,G11) -> 11623.26 | H22: Dinheiro possivel casa individual | I22: =SUM(I6,I7,I9,I11) -> 24705.6 | J22: =SUM(J6,J7,J9,J11) -> 11661.73
B24: Ganho/Perda Casa Total Mensal | C24: =C21-'2º Trimestre 2024'!I21 -> 947.86 | E24: Ganho/Perda Casa Total Mensal | F24: =F21-C21 -> -1087.05 | H24: Ganho/Perda Casa Total Mensal | I24: =I21-F21 -> 1087.03
B25: Ganho/Perda Casa Individual Mensal | C25: =C22-'2º Trimestre 2024'!I22 -> 1303.3 | D25: =D22-'2º Trimestre 2024'!J22 -> -355.44 | E25: Ganho/Perda Casa Individual Mensal | F25: =F22-C22 -> -206.13 | G25: =G22-D22 -> -880.92 | H25: Ganho/Perda Casa Individual Mensal | I25: =I22-F22 -> 1048.56 | J25: =J22-G22 -> 38.47
B28: Dinheiro investido total (não possível casa) | C28: =C29+D29 -> 13068.5 | E28: Dinheiro investido total (não possível casa) | F28: =F29+G29 -> 14228.83 | H28: Dinheiro investido total (não possível casa) | I28: =I29+J29 -> 14740.72
B29: Dinheiro investido individual (não possível casa) | C29: =C18-C22 -> 3729.23 | D29: =D18-D22 -> 9339.27 | E29: Dinheiro investido individual (não possível casa) | F29: =F18-F22 -> 4033.55 | G29: =G18-G22 -> 10195.28 | H29: Dinheiro investido individual (não possível casa) | I29: =I18-I22 -> 4157.76 | J29: =J18-J22 -> 10582.96
B31: Legenda:
B33: Ações Accenture | C33: valor de hoje | E33: Balanço Ganho/Perda Casa Trimestral | F33: =SUM(I24,F24,C24) -> 947.84
B34: Trade Republic | C34: Saldo + Carteira | E34: Balanço Ganho/Perda Casa Trimestral | F34: =SUM(I25,F25,C25) -> 2145.73 | G34: =SUM(J25,G25,D25) -> -1197.89
B35: Certificados de Aforro | C35: valor colocado com lucro
B36: PPR (não se pode levantar) | C36: com valorização
B38: Dinheiro investido sem ser para a casa
B39: Dinheiro possível para casa
B40: Dinheiro total

Sheet 4º Trimestre 2024
C4: 30 de outubro 2024 | F4: 29 de Novembro 2024 | I4: 27 de dezembro 2024
C5: Inês | D5: Dany | F5: Inês | G5: Dany | I5: Inês | J5: Dany
B6: Conta à Ordem | C6: 1138.28 | D6: 694.45 | E6: Conta à Ordem | F6: 2893.74 | G6: 1214.85 | H6: Conta à Ordem | I6: 2211.25 | J6: 697.23
B7: Conta Poupança | C7: 1000.66 | D7: 736.69 | E7: Conta Poupança | F7: 456.56 | G7: 1000.69 | H7: Conta Poupança | I7: 1356.88 | J7: 400.69
B8: Conta Conjunta | C8: 903.52 | E8: Conta Conjunta | F8: 1006.05 | H8: Conta Conjunta | I8: 1036.11
B9: Certificados de Aforro | C9: 15789.92 | D9: 4727.44 | E9: Certificados de Aforro | F9: 15903.62 | G9: 4727.44 | H9: Certificados de Aforro | I9: 15903.62 | J9: 4746.29
B10: Trade Republic (Carteira) | C10: 1087.31 | D10: 481.55 | E10: Trade Republic (Carteira) | F10: 1132.52 | G10: 534.6 | H10: Trade Republic (Carteira) | I10: 1145.34 | J10: 580.66
B11: Trade Republic (Saldo) | C11: 6905.69 | D11: 4822.38 | E11: Trade Republic (Saldo) | F11: 7425.79 | G11: 4806.47 | H11: Trade Republic (Saldo) | I11: 100.45 | J11: 284.33
B12: PPR (não se pode levantar) | C12: 1008.54 | D12: 3912.57 | E12: PPR (não se pode levantar) | F12: 1048.62 | G12: 4293.6 | H12: PPR (não se pode levantar) | I12: 1075.77 | J12: 4439.08
B13: Ações Accenture | C13: 2369.27 | D13: 5758.16 | E13: Ações Accenture | F13: 3450.31 | G13: 7600.59 | H13: Ações Accenture | I13: 3485.71 | J13: 7996.9
B14: DEGIRO | D14: 784.1 | E14: DEGIRO | G14: 827.73 | H14: DEGIRO | J14: 841.76
B15: XTB | D15: 160.53 | E15: XTB | G15: 165.89 | H15: XTB | J15: 167.17
B17: Total juntos | C17: =SUM(C6:C7,C9:C13,C14,C15,D6:D7,D9:D15) -> 51377.54 | E17: Total juntos | F17: =SUM(F6:F7,F9:F13,F14,F15,G6:G7,G9:G15) -> 57483.02 | H17: Total juntos | I17: =SUM(I6:I7,I9:I13,I14,I15,J6:J7,J9:J15) -> 45433.13
B18: Total Individual | C18: =SUM(C6,C7,C9,C11,C13,C10,C12) -> 29299.67 | D18: =SUM(D6,D7,D9,D11,D12,D13,D14,D15,D10) -> 22077.87 | E18: Total Individual | F18: =SUM(F6,F7,F9,F11,F13,F10,F12) -> 32311.16 | G18: =SUM(G6,G7,G9,G11,G12,G13,G14,G15,G10) -> 25171.86 | H18: Total Individual | I18: =SUM(I6,I7,I9,I11,I13,I12,I10) -> 25279.02 | J18: =SUM(J6,J7,J9,J11,J12,J13,J14,J15,J10) -> 20154.11
B21: Dinheiro total possivel casa | C21: =SUM(C6,D6,C7,D7,C9,D9,C11,D11) -> 35815.51 | E21: Dinheiro total possivel casa | F21: =SUM(F6,F7,G7,G6,F9,F11,G11,G9) -> 38429.16 | H21: Dinheiro total possivel casa | I21: =SUM(I6,I7,J7,J6,I9,I11,J11,J9) -> 25700.74
B22: Dinheiro possivel casa individual | C22: =SUM(C6,C7,C9,C11) -> 24834.55 | D22: =SUM(D6,D7,D9,D11) -> 10980.96 | E22: Dinheiro possivel casa individual | F22: =SUM(F6,F7,F9,F11) -> 26679.71 | G22: =SUM(G6,G7,G9,G11) -> 11749.45 | H22: Dinheiro possivel casa individual | I22: =SUM(I6,I7,I9,I11) -> 19572.2 | J22: =SUM(J6,J7,J9,J11) -> 6128.54
B24: Ganho/Perda Casa Total Mensal | C24: =C21-'3º Trimestre 2024'!I21 -> -551.82 | E24: Ganho/Perda Casa Total Mensal | F24: =F21-C21 -> 2613.65 | H24: Ganho/Perda Casa Total Mensal | I24: =I21-F21 -> -12728.42
B25: Ganho/Perda Casa Individual Mensal | C25: =C22-'3º Trimestre 2024'!I22 -> 128.95 | D25: =D22-'3º Trimestre 2024'!J22 -> -680.77 | E25: Ganho/Perda Casa Individual Mensal | F25: =F22-C22 -> 1845.16 | G25: =G22-D22 -> 768.49 | H25: Ganho/Perda Casa Individual Mensal | I25: =I22-F22 -> -7107.51 | J25: =J22-G22 -> -5620.91
B28: Dinheiro investido total (não possível casa) | C28: =C29+D29 -> 15562.03 | E28: Dinheiro investido total (não possível casa) | F28: =F29+G29 -> 19053.86 | H28: Dinheiro investido total (não possível casa) | I28: =I29+J29 -> 19732.39
B29: Dinheiro investido individual (não possível casa) | C29: =C18-C22 -> 4465.12 | D29: =D18-D22 -> 11096.91 | E29: Dinheiro investido individual (não possível casa) | F29: =F18-F22 -> 5631.45 | G29: =G18-G22 -> 13422.41 | H29: Dinheiro investido individual (não possível casa) | I29: =I18-I22 -> 5706.82 | J29: =J18-J22 -> 14025.57
B31: Legenda:
B33: Ações Accenture | C33: valor de hoje | E33: Balanço Ganho/Perda Casa Trimestral | F33: =SUM(I24,F24,C24) -> -10666.59
B34: Trade Republic | C34: Saldo + Carteira | E34: Balanço Ganho/Perda Casa Trimestral | F34: =SUM(I25,F25,C25) -> -5133.4 | G34: =SUM(J25,G25,D25) -> -5533.19
B35: Certificados de Aforro | C35: valor colocado com lucro
B36: PPR (não se pode levantar) | C36: com valorização
H37: Balanço Ganho/Perda Casa Anual | I37: =SUM('4º Trimestre 2024'!F33,'3º Trimestre 2024'!F33,'2º Trimestre 2024'!F33,'1º Trimestre 2024'!F34) -> -25395.07
B38: Dinheiro investido sem ser para a casa | H38: Balanço Ganho/Perda Casa Anual | I38: =SUM(F34,'3º Trimestre 2024'!F34,'2º Trimestre 2024'!F34,'1º Trimestre 2024'!F35) -> -22045.68 | J38: =SUM(G34,'3º Trimestre 2024'!G34,'2º Trimestre 2024'!G34,'1º Trimestre 2024'!G35) -> -3349.39
B39: Dinheiro possível para casa
B40: Dinheiro total

Sheet 1º Trimestre 2025
C4: 30 de janeiro 2025 | F4: 27 de fevereiro 2025 | I4: 28 de março 2025
C5: Inês | D5: Dany | F5: Inês | G5: Dany | I5: Inês | J5: Dany
B6: Conta à Ordem | C6: 2031.64 | D6: 500.93 | E6: Conta à Ordem | F6: 1378.37 | G6: 623.83 | H6: Conta à Ordem | I6: 638.6 | J6: 790.56
B7: Conta Poupança | C7: 1056.88 | D7: 890.69 | E7: Conta Poupança | F7: 1001.3 | G7: 990.69 | H7: Conta Poupança | I7: 721 | J7: 679.97
B8: Conta Conjunta | C8: 939.16 | E8: Conta Conjunta | F8: 1022.27 | H8: Conta Conjunta | I8: 1010.85
B9: Certificados de Aforro | C9: 15903.62 | D9: 4761.47 | E9: Certificados de Aforro | F9: 16018.08 | G9: 4761.47 | H9: Certificados de Aforro | I9: 16018.08 | J9: 4780.46
B10: Trade Republic (Carteira) | C10: 1274.86 | D10: 681.92 | E10: Trade Republic (Carteira) | F10: 1396.78 | G10: 801.07 | H10: Trade Republic (Carteira) | I10: 1490.74 | J10: 853.67
B11: Trade Republic (Saldo) | C11: 991.5 | D11: 1186.91 | E11: Trade Republic (Saldo) | F11: 2256.35 | G11: 1469.89 | H11: Trade Republic (Saldo) | I11: 2456.86 | J11: 2612.95
B12: PPR (não se pode levantar) | C12: 1103.43 | D12: 4553.24 | E12: PPR (não se pode levantar) | F12: 1330.01 | G12: 4715.76 | H12: PPR (não se pode levantar) | I12: 1232.63 | J12: 4373.51
B13: Ações Accenture | C13: 3617.95 | D13: 7969.56 | E13: Ações Accenture | F13: 3440.95 | G13: 7580.07 | H13: Ações Accenture | I13: 2866.99 | J13: 6318.29
B14: DEGIRO | D14: 848.96 | E14: DEGIRO | G14: 832.34 | H14: DEGIRO | J14: 756.63
B15: XTB | D15: 169.77 | E15: XTB | G15: 173.31 | H15: XTB | J15: 161.85
B17: Total juntos | C17: =SUM(C6:C7,C9:C13,C14,C15,D6:D7,D9:D15) -> 47543.33 | E17: Total juntos | F17: =SUM(F6:F7,F9:F13,F14,F15,G6:G7,G9:G15) -> 48770.27 | H17: Total juntos | I17: =SUM(I6:I7,I9:I13,I14,I15,J6:J7,J9:J15) -> 46752.79
B18: Total Individual | C18: =SUM(C6,C7,C9,C11,C13,C10,C12) -> 25979.88 | D18: =SUM(D6,D7,D9,D11,D12,D13,D14,D15,D10) -> 21563.45 | E18: Total Individual | F18: =SUM(F6,F7,F9,F11,F13,F10,F12) -> 26821.84 | G18: =SUM(G6,G7,G9,G11,G12,G13,G14,G15,G10) -> 21948.43 | H18: Total Individual | I18: =SUM(I6,I7,I9,I11,I13,I12,I10) -> 25424.9 | J18: =SUM(J6,J7,J9,J11,J12,J13,J14,J15,J10) -> 21327.89
B21: Dinheiro total possivel casa | C21: =SUM(C6,D6,C7,D7,C9,D9,C11,D11) -> 27323.64 | E21: Dinheiro total possivel casa | F21: =SUM(F6,F7,G7,G6,F9,F11,G11,G9) -> 28499.98 | H21: Dinheiro total possivel casa | I21: =SUM(I6,I7,J7,J6,I9,I11,J11,J9) -> 28698.48
B22: Dinheiro possivel casa individual | C22: =SUM(C6,C7,C9,C11) -> 19983.64 | D22: =SUM(D6,D7,D9,D11) -> 7340 | E22: Dinheiro possivel casa individual | F22: =SUM(F6,F7,F9,F11) -> 20654.1 | G22: =SUM(G6,G7,G9,G11) -> 7845.88 | H22: Dinheiro possivel casa individual | I22: =SUM(I6,I7,I9,I11) -> 19834.54 | J22: =SUM(J6,J7,J9,J11) -> 8863.94
B24: Ganho/Perda Casa Total Mensal | C24: =C21-'4º Trimestre 2024'!I21 -> 1622.9 | E24: Ganho/Perda Casa Total Mensal | F24: =F21-C21 -> 1176.34 | H24: Ganho/Perda Casa Total Mensal | I24: =I21-F21 -> 198.5
B25: Ganho/Perda Casa Individual Mensal | C25: =C22-'4º Trimestre 2024'!I22 -> 411.44 | D25: =D22-'4º Trimestre 2024'!J22 -> 1211.46 | E25: Ganho/Perda Casa Individual Mensal | F25: =F22-C22 -> 670.46 | G25: =G22-D22 -> 505.88 | H25: Ganho/Perda Casa Individual Mensal | I25: =I22-F22 -> -819.56 | J25: =J22-G22 -> 1018.06
B28: Dinheiro investido total (não possível casa) | C28: =C29+D29 -> 20219.69 | E28: Dinheiro investido total (não possível casa) | F28: =F29+G29 -> 20270.29 | H28: Dinheiro investido total (não possível casa) | I28: =I29+J29 -> 18054.31
B29: Dinheiro investido individual (não possível casa) | C29: =C18-C22 -> 5996.24 | D29: =D18-D22 -> 14223.45 | E29: Dinheiro investido individual (não possível casa) | F29: =F18-F22 -> 6167.74 | G29: =G18-G22 -> 14102.55 | H29: Dinheiro investido individual (não possível casa) | I29: =I18-I22 -> 5590.36 | J29: =J18-J22 -> 12463.95
B31: Legenda:
B33: Ações Accenture | C33: valor de hoje | E33: Balanço Ganho/Perda Casa Trimestral | F33: =SUM(I24,F24,C24) -> 2997.74
B34: Trade Republic | C34: Saldo + Carteira | E34: Balanço Ganho/Perda Casa Trimestral | F34: =SUM(I25,F25,C25) -> 262.34 | G34: =SUM(J25,G25,D25) -> 2735.4
B35: Certificados de Aforro | C35: valor colocado com lucro
B36: PPR (não se pode levantar) | C36: com valorização

Sheet 2º Trimestre 2025
C4: 29 de abril 2025 | F4: 29 de maio de 2025 | I4: 27 de junho de 2025
C5: Inês | D5: Dany | F5: Inês | G5: Dany | I5: Inês | J5: Dany
B6: Conta à Ordem | C6: 1062.35 | D6: 558.92 | E6: Conta à Ordem | F6: 3166.19 | G6: 2483.02 | H6: Conta à Ordem | I6: 2772.85 | J6: 613.37
B7: Conta Poupança | C7: 1.3 | D7: 429.97 | E7: Conta Poupança | F7: 651.3 | G7: 1025 | H7: Conta Poupança | I7: 401.47 | J7: 1050.87
B8: Conta Conjunta | C8: 922.78 | E8: Conta Conjunta | F8: 1052.11 | H8: Conta Conjunta | I8: 1008.84
B9: Certificados de Aforro | C9: 16018.08 | D9: 4795.76 | E9: Certificados de Aforro | F9: 16133.44 | G9: 4795.76 | H9: Certificados de Aforro | I9: 16133.44 | J9: 4814.89
B10: Trade Republic (Carteira) | C10: 1921.27 | D10: 2117.29 | E10: Trade Republic (Carteira) | F10: 2306.6 | G10: 2428.67 | H10: Trade Republic (Carteira) | I10: 2486.58 | J10: 2537.72
B11: Trade Republic (Saldo) | C11: 1921.48 | D11: 1315.2 | E11: Trade Republic (Saldo) | F11: 1982.45 | G11: 6448.13 | H11: Trade Republic (Saldo) | I11: 11262.26 | J11: 6917.1
B12: PPR (não se pode levantar) | C12: 1137.36 | D12: 4032.68 | E12: PPR (não se pode levantar) | F12: 1228.34 | G12: 4851.08 | H12: PPR (não se pode levantar) | I12: 1198.77 | J12: 5223.66
B13: Ações Accenture | C13: 2637.38 | D13: 5750.13 | E13: Ações Accenture | F13: 3677.03 | G13: 7930.99 | H13: Ações Accenture | I13: 3328.46 | J13: 7080.53
B14: DEGIRO | D14: 708.24 | E14: DEGIRO | G14: 767.46 | H14: DEGIRO | J14: 770.61
B15: Trust Wallet | D15: 231.18 | E15: Trust Wallet | G15: 247.62 | H15: Trust Wallet | J15: 306.91
B16: XTB | D16: 149.66 | E16: XTB | G16: 158.92 | H16: XTB | J16: 834.02
B18: Total juntos | C18: =SUM(C6:C7,C9:C13,C14,C16,D6:D7,D9:D16) -> 44788.25 | E18: Total juntos | F18: =SUM(F6:F7,F9:F13,F14,F16,G6:G7,G9:G16) -> 60282 | H18: Total juntos | I18: =SUM(I6:I7,I9:I13,I14,I16,J6:J7,J9:J16) -> 67733.51
B19: Total Individual | C19: =SUM(C6,C7,C9,C11,C13,C10,C12) -> 24699.22 | D19: =SUM(D6,D7,D9,D11,D12,D13,D14,D16,D10,D15) -> 20089.03 | E19: Total Individual | F19: =SUM(F6,F7,F9,F11,F13,F10,F12) -> 29145.35 | G19: =SUM(G6,G7,G9,G11,G12,G13,G14,G16,G10,G15) -> 31136.65 | H19: Total Individual | I19: =SUM(I6,I7,I9,I11,I13,I12,I10) -> 37583.83 | J19: =SUM(J6,J7,J9,J11,J12,J13,J14,J16,J10,J15) -> 30149.68
B22: Dinheiro total possivel casa | C22: =SUM(C6,D6,C7,D7,C9,D9,C11,D11) -> 26103.06 | E22: Dinheiro total possivel casa | F22: =SUM(F6,F7,G7,G6,F9,F11,G11,G9) -> 36685.29 | H22: Dinheiro total possivel casa | I22: =SUM(I6,I7,J7,J6,I9,I11,J11,J9) -> 43966.25
B23: Dinheiro possivel casa individual | C23: =SUM(C6,C7,C9,C11) -> 19003.21 | D23: =SUM(D6,D7,D9,D11) -> 7099.85 | E23: Dinheiro possivel casa individual | F23: =SUM(F6,F7,F9,F11) -> 21933.38 | G23: =SUM(G6,G7,G9,G11) -> 14751.91 | H23: Dinheiro possivel casa individual | I23: =SUM(I6,I7,I9,I11) -> 30570.02 | J23: =SUM(J6,J7,J9,J11) -> 13396.23
B25: Ganho/Perda Casa Total Mensal | C25: =C22-'1º Trimestre 2025'!I21 -> -2595.42 | E25: Ganho/Perda Casa Total Mensal | F25: =F22-C22 -> 10582.23 | H25: Ganho/Perda Casa Total Mensal | I25: =I22-F22 -> 7280.96
B26: Ganho/Perda Casa Individual Mensal | C26: =C23-'1º Trimestre 2025'!I22 -> -831.33 | D26: =D23-'1º Trimestre 2025'!J22 -> -1764.09 | E26: Ganho/Perda Casa Individual Mensal | F26: =F23-C23 -> 2930.17 | G26: =G23-D23 -> 7652.06 | H26: Ganho/Perda Casa Individual Mensal | I26: =I23-F23 -> 8636.64 | J26: =J23-G23 -> -1355.68
B29: Dinheiro investido total (não possível casa) | C29: =C30+D30 -> 18685.19 | E29: Dinheiro investido total (não possível casa) | F29: =F30+G30 -> 23596.71 | H29: Dinheiro investido total (não possível casa) | I29: =I30+J30 -> 23767.26
B30: Dinheiro investido individual (não possível casa) | C30: =C19-C23 -> 5696.01 | D30: =D19-D23 -> 12989.18 | E30: Dinheiro investido individual (não possível casa) | F30: =F19-F23 -> 7211.97 | G30: =G19-G23 -> 16384.74 | H30: Dinheiro investido individual (não possível casa) | I30: =I19-I23 -> 7013.81 | J30: =J19-J23 -> 16753.45
B32: Legenda:
B34: Ações Accenture | C34: valor de hoje | E34: Balanço Ganho/Perda Casa Trimestral | F34: =SUM(I25,F25,C25) -> 15267.77
B35: Trade Republic | C35: Saldo + Carteira | E35: Balanço Ganho/Perda Casa Trimestral | F35: =SUM(I26,F26,C26) -> 10735.48 | G35: =SUM(J26,G26,D26) -> 4532.29
B36: Certificados de Aforro | C36: valor colocado com lucro
B37: Trust Wallet | C37: valor de hoje
B38: PPR (não se pode levantar) | C38: com valorização
B39: XTB | C39: soma dolares (convertido para euros) + euros

Sheet 3º Trimestre 2025
C4: 30 de julho de 2025 | F4: 28 de agosto de 2025 | I4: 29 de setembro de 2025
C5: Inês | D5: Dany | F5: Inês | G5: Dany | I5: Inês | J5: Dany
B6: Conta à Ordem | C6: 1411.86 | D6: 446.15 | E6: Conta à Ordem | F6: 1548.61 | G6: 1628.27 | H6: Conta à Ordem | I6: 2076.1 | J6: 640.67
B7: Conta Poupança | C7: 707.47 | D7: 1076.97 | E7: Conta Poupança | F7: 37.68 | G7: 1103.1 | H7: Conta Poupança | I7: 37.68 | J7: 828.94
B8: Conta Conjunta | C8: 870.08 | E8: Conta Conjunta | F8: 910.21 | H8: Conta Conjunta | I8: 882.14
B9: Certificados de Aforro | C9: 16133.44 | D9: 4829.97 | E9: Certificados de Aforro | F9: 16241.41 | G9: 4829.97 | H9: Certificados de Aforro | I9: 16241.41 | J9: 4847.6
B10: Trade Republic (Carteira) | C10: 2684.97 | D10: 2836.42 | E10: Trade Republic (Carteira) | F10: 2821.62 | G10: 3014.77 | H10: Trade Republic (Carteira) | I10: 2972.7 | J10: 3290
B11: Trade Republic (Saldo) | C11: 12127.69 | D11: 6636.19 | E11: Trade Republic (Saldo) | F11: 12881.21 | G11: 6125.61 | H11: Trade Republic (Saldo) | I11: 13356.35 | J11: 7328.11
B12: PPR Save and Grow (não se pode levantar) | C12: 1281.79 | D12: 6851.09 | E12: PPR (não se pode levantar) | F12: 1537.07 | G12: 6894.34 | H12: PPR (não se pode levantar) | I12: 1547.2 | J12: 6934.33
B13: Ações Accenture | C13: 3188.64 | D13: 6682.64 | E13: Ações Accenture | F13: 2937.06 | G13: 6236.63 | H13: Ações Accenture | I13: 2642.74 | J13: 5578.9
B14: DEGIRO | D14: 821.64 | E14: DEGIRO | G14: 816.22 | H14: DEGIRO | J14: 831.77
B15: Trust Wallet | D15: 473.28 | E15: Trust Wallet | G15: 452.37 | H15: Trust Wallet | J15: 410.04
B16: XTB | D16: 858.79 | E16: XTB | G16: 872.38 | H16: XTB | J16: 990.16
B18: Total juntos | C18: =SUM(C6:C7,C9:C13,C14,C16,D6:D7,D9:D16) -> 69049 | E18: Total juntos | F18: =SUM(F6:F7,F9:F13,F14,F16,G6:G7,G9:G16) -> 69978.32 | H18: Total juntos | I18: =SUM(I6:I7,I9:I13,I14,I16,J6:J7,J9:J16) -> 70554.7
B19: Total Individual | C19: =SUM(C6,C7,C9,C11,C13,C10,C12) -> 37535.86 | D19: =SUM(D6,D7,D9,D11,D12,D13,D14,D16,D10,D15) -> 31513.14 | E19: Total Individual | F19: =SUM(F6,F7,F9,F11,F13,F10,F12) -> 38004.66 | G19: =SUM(G6,G7,G9,G11,G12,G13,G14,G16,G10,G15) -> 31973.66 | H19: Total Individual | I19: =SUM(I6,I7,I9,I11,I13,I12,I10) -> 38874.18 | J19: =SUM(J6,J7,J9,J11,J12,J13,J14,J16,J10,J15) -> 31680.52
B22: Dinheiro total possivel casa | C22: =SUM(C6,D6,C7,D7,C9,D9,C11,D11) -> 43369.74 | E22: Dinheiro total possivel casa | F22: =SUM(F6,F7,G7,G6,F9,F11,G11,G9) -> 44395.86 | H22: Dinheiro total possivel casa | I22: =SUM(I6,I7,J7,J6,I9,I11,J11,J9) -> 45356.86
B23: Dinheiro possivel casa individual | C23: =SUM(C6,C7,C9,C11) -> 30380.46 | D23: =SUM(D6,D7,D9,D11) -> 12989.28 | E23: Dinheiro possivel casa individual | F23: =SUM(F6,F7,F9,F11) -> 30708.91 | G23: =SUM(G6,G7,G9,G11) -> 13686.95 | H23: Dinheiro possivel casa individual | I23: =SUM(I6,I7,I9,I11) -> 31711.54 | J23: =SUM(J6,J7,J9,J11) -> 13645.32
B25: Ganho/Perda Casa Total Mensal | C25: =C22-'2º Trimestre 2025'!I22 -> -596.51 | E25: Ganho/Perda Casa Total Mensal | F25: =F22-C22 -> 1026.12 | H25: Ganho/Perda Casa Total Mensal | I25: =I22-F22 -> 961
B26: Ganho/Perda Casa Individual Mensal | C26: =C23-'2º Trimestre 2025'!I23 -> -189.56 | D26: =D23-'2º Trimestre 2025'!J23 -> -406.95 | E26: Ganho/Perda Casa Individual Mensal | F26: =F23-C23 -> 328.45 | G26: =G23-D23 -> 697.67 | H26: Ganho/Perda Casa Individual Mensal | I26: =I23-F23 -> 1002.63 | J26: =J23-G23 -> -41.63
B29: Dinheiro investido total (não possível casa) | C29: =C30+D30 -> 25679.26 | E29: Dinheiro investido total (não possível casa) | F29: =F30+G30 -> 25582.46 | H29: Dinheiro investido total (não possível casa) | I29: =I30+J30 -> 25197.84
B30: Dinheiro investido individual (não possível casa) | C30: =C19-C23 -> 7155.4 | D30: =D19-D23 -> 18523.86 | E30: Dinheiro investido individual (não possível casa) | F30: =F19-F23 -> 7295.75 | G30: =G19-G23 -> 18286.71 | H30: Dinheiro investido individual (não possível casa) | I30: =I19-I23 -> 7162.64 | J30: =J19-J23 -> 18035.2
B32: Legenda:
B34: Ações Accenture | C34: valor de hoje | E34: Balanço Ganho/Perda Casa Trimestral | F34: =SUM(I25,F25,C25) -> 1390.61
B35: Trade Republic | C35: Saldo + Carteira | E35: Balanço Ganho/Perda Casa Trimestral | F35: =SUM(I26,F26,C26) -> 1141.52 | G35: =SUM(J26,G26,D26) -> 249.09
B36: Certificados de Aforro | C36: valor colocado com lucro
B37: Trust Wallet | C37: valor de hoje
B38: PPR (não se pode levantar) | C38: com valorização
B39: XTB | C39: soma £ (convertido para €) + €

Sheet 4º Trimestre 2025
C4: 30 de outubro de 2025 | F4: 27 de novembro de 2025 | I4: 30 dedezembro de 2025
C5: Inês | D5: Dany | F5: Inês | G5: Dany | I5: Inês | J5: Dany
B6: Conta à Ordem | C6: 1604.87 | D6: 767.35 | E6: Conta à Ordem | F6: 3247.81 | G6: 1748.48 | H6: Conta à Ordem | I6: 1428.11 | J6: 191.6
B7: Conta Poupança | C7: 287.7 | D7: 654.13 | E7: Conta Poupança | F7: 37.7 | G7: 54.13 | H7: Conta Poupança | I7: 37.72 | J7: 104.16
B8: Conta Conjunta | C8: 828.93 | E8: Conta Conjunta | F8: 878.35 | H8: Conta Conjunta | I8: 907.79
B9: Certificados de Aforro | C9: 16241.41 | D9: 4861.22 | E9: Certificados de Aforro | F9: 16343.33 | G9: 4861.22 | H9: Certificados de Aforro | I9: 16343.33 | J9: 4878.2
B10: Trade Republic (Carteira) | C10: 3248.8 | D10: 3657.86 | E10: Trade Republic (Carteira) | F10: 3320.65 | G10: 3632.61 | H10: Trade Republic (Carteira) | I10: 3442.1 | J10: 3757.3
B11: Trade Republic (Saldo) | C11: 13360.85 | D11: 6779.23 | E11: Trade Republic (Saldo) | F11: 12114.42 | G11: 5569.42 | H11: Trade Republic (Saldo) | I11: 15887.89 | J11: 6887.02
B12: PPR Save and Grow (não se pode levantar) | C12: 1739.56 | D12: 7551.3 | E12: PPR (não se pode levantar) | F12: 2312.97 | G12: 7763.93 | H12: PPR (não se pode levantar) | I12: 2667.02 | J12: 8196.53
B13: Ações Accenture | C13: 2818.14 | D13: 5980.93 | E13: Ações Accenture | F13: 3700.36 | G13: 6069.38 | H13: Ações Accenture | I13: 3984.14 | J13: 6507.85
B14: DEGIRO | D14: 870.34 | E14: DEGIRO | G14: 845.85 | H14: DEGIRO | J14: 863.66
B15: Trust Wallet | D15: 391.22 | E15: Trust Wallet | G15: 313.86 | H15: Trust Wallet | J15: 282
B16: XTB | D16: 980 | E16: XTB | G16: 883.29 | H16: XTB | J16: 875.63
B18: Total juntos | C18: =SUM(C6:C7,C9:C13,C14,C16,D6:D7,D9:D16) -> 71794.91 | E18: Total juntos | F18: =SUM(F6:F7,F9:F13,F14,F16,G6:G7,G9:G16) -> 72819.41 | H18: Total juntos | I18: =SUM(I6:I7,I9:I13,I14,I16,J6:J7,J9:J16) -> 76334.26
B19: Total Individual | C19: =SUM(C6,C7,C9,C11,C13,C10,C12) -> 39301.33 | D19: =SUM(D6,D7,D9,D11,D12,D13,D14,D16,D10,D15) -> 32493.58 | E19: Total Individual | F19: =SUM(F6,F7,F9,F11,F13,F10,F12) -> 41077.24 | G19: =SUM(G6,G7,G9,G11,G12,G13,G14,G16,G10,G15) -> 31742.17 | H19: Total Individual | I19: =SUM(I6,I7,I9,I11,I13,I12,I10) -> 43790.31 | J19: =SUM(J6,J7,J9,J11,J12,J13,J14,J16,J10,J15) -> 32543.95
B22: Dinheiro total possivel casa | C22: =SUM(C6,D6,C7,D7,C9,D9,C11,D11) -> 44556.76 | E22: Dinheiro total possivel casa | F22: =SUM(F6,F7,G7,G6,F9,F11,G11,G9) -> 43976.51 | H22: Dinheiro total possivel casa | I22: =SUM(I6,I7,J7,J6,I9,I11,J11,J9) -> 45758.03
B23: Dinheiro possivel casa individual | C23: =SUM(C6,C7,C9,C11) -> 31494.83 | D23: =SUM(D6,D7,D9,D11) -> 13061.93 | E23: Dinheiro possivel casa individual | F23: =SUM(F6,F7,F9,F11) -> 31743.26 | G23: =SUM(G6,G7,G9,G11) -> 12233.25 | H23: Dinheiro possivel casa individual | I23: =SUM(I6,I7,I9,I11) -> 33697.05 | J23: =SUM(J6,J7,J9,J11) -> 12060.98
B25: Ganho/Perda Casa Total Mensal | C25: =C22-'3º Trimestre 2025'!I22 -> -800.1 | E25: Ganho/Perda Casa Total Mensal | F25: =F22-C22 -> -580.25 | H25: Ganho/Perda Casa Total Mensal | I25: =I22-F22 -> 1781.52
B26: Ganho/Perda Casa Individual Mensal | C26: =C23-'3º Trimestre 2025'!I23 -> -216.71 | D26: =D23-'3º Trimestre 2025'!J23 -> -583.39 | E26: Ganho/Perda Casa Individual Mensal | F26: =F23-C23 -> 248.43 | G26: =G23-D23 -> -828.68 | H26: Ganho/Perda Casa Individual Mensal | I26: =I23-F23 -> 1953.79 | J26: =J23-G23 -> -172.27
B29: Dinheiro investido total (não possível casa) | C29: =C30+D30 -> 27238.15 | E29: Dinheiro investido total (não possível casa) | F29: =F30+G30 -> 28842.9 | H29: Dinheiro investido total (não possível casa) | I29: =I30+J30 -> 30576.23
B30: Dinheiro investido individual (não possível casa) | C30: =C19-C23 -> 7806.5 | D30: =D19-D23 -> 19431.65 | E30: Dinheiro investido individual (não possível casa) | F30: =F19-F23 -> 9333.98 | G30: =G19-G23 -> 19508.92 | H30: Dinheiro investido individual (não possível casa) | I30: =I19-I23 -> 10093.26 | J30: =J19-J23 -> 20482.97
B32: Legenda:
B34: Ações Accenture | C34: valor de hoje | E34: Balanço Ganho/Perda Casa Trimestral | F34: =SUM(I25,F25,C25) -> 401.17
B35: Trade Republic | C35: Saldo + Carteira | E35: Balanço Ganho/Perda Casa Trimestral | F35: =SUM(I26,F26,C26) -> 1985.51 | G35: =SUM(J26,G26,D26) -> -1584.34
B36: Certificados de Aforro | C36: valor colocado com lucro
B37: Trust Wallet | C37: valor de hoje | H37: Balanço Ganho/Perda Casa Anual | I37: =SUM(F34,'3º Trimestre 2025'!F34,'2º Trimestre 2025'!F34,'1º Trimestre 2025'!F33) -> 20057.29
B38: PPR (não se pode levantar) | C38: com valorização | H38: Balanço Ganho/Perda Casa Anual | I38: =SUM(F35,'3º Trimestre 2025'!F35,'2º Trimestre 2025'!F35,'1º Trimestre 2025'!F34) -> 14124.85 | J38: =SUM(G35,'3º Trimestre 2025'!G35,'2º Trimestre 2025'!G35,'1º Trimestre 2025'!G34) -> 5932.44
B39: XTB | C39: soma £ (convertido para €) + €

Sheet 1º Trimestre 2026
C4: 5 de Fevereiro 2026 | F4: 26 de fevereiro 2026 | I4: 26 de março 2026
C5: Inês | D5: Dany | F5: Inês | G5: Dany | I5: Inês | J5: Dany
B6: Conta à Ordem | C6: 1434.67 | D6: 633.97 | E6: Conta à Ordem | F6: 1553.74 | G6: 211.04 | H6: Conta à Ordem | I6: 1405.88 | J6: 724.48
B7: Conta Poupança | C7: 37.74 | D7: 479.25 | E7: Conta Poupança | F7: 37.74 | G7: 504.39 | H7: Conta Poupança | I7: 37.74 | J7: 529.54
B8: Conta Conjunta | C8: 989.42 | E8: Conta Conjunta | F8: 904.33 | H8: Conta Conjunta | I8: 882.56
B9: Certificados de Aforro | C9: 16447.52 | D9: 4891.9 | E9: Certificados de Aforro | F9: 16447.52 | G9: 4891.9 | H9: Certificados de Aforro | I9: 16447.52 | J9: 4909.21
B10: Trade Republic (Carteira) | C10: 3627.39 | D10: 3854.11 | E10: Trade Republic (Carteira) | F10: 3765.52 | G10: 3972.55 | H10: Trade Republic (Carteira) | I10: 3678.03 | J10: 3801.09
B11: Trade Republic (Saldo) | C11: 15900.85 | D11: 7140.68 | E11: Trade Republic (Saldo) | F11: 16065.69 | G11: 9006.04 | H11: Trade Republic (Saldo) | I11: 15048.75 | J11: 8059.66
B12: PPR (não se pode levantar) | C12: 2623.48 | D12: 8267.1 | E12: PPR (não se pode levantar) | F12: 2529.39 | G12: 7964.9 | H12: PPR (não se pode levantar) | I12: 2402.37 | J12: 7684.89
B13: Ações Accenture | C13: 3482.14 | D13: 5690.01 | E13: Ações Accenture | F13: 2758.31 | G13: 4622.1 | H13: Ações Accenture | I13: 2966.44 | J13: 4849.77
B14: DEGIRO | D14: 852.48 | E14: DEGIRO | G14: 865.89 | H14: DEGIRO | J14: 824.87
B15: Trust Wallet | D15: 193.42 | E15: Trust Wallet | G15: 213.7 | H15: Trust Wallet | J15: 204.37
B16: XTB | D16: 927.69 | E16: XTB | G16: 975.8 | H16: XTB | J16: 1031.99
B17: CGD Pensões | C17: 302.27 | E17: CGD Pensões | F17: 357.74 | H17: CGD Pensões | I17: 394.76
B19: Total juntos | C19: =SUM(C9:D17,C6:D7) -> 76786.67 | E19: Total juntos | F19: =SUM(F6:F7,F9:F13,F14,F16,G6:G7,G9:G16) -> 76386.22 | H19: Total juntos | I19: =SUM(I6:I7,I9:I13,I14,I16,J6:J7,J9:J16) -> 74606.6
B20: Total Individual | C20: =SUM(C6,C7,C9,C11,C13,C10,C12,C17) -> 43856.06 | D20: =SUM(D6,D7,D9,D11,D12,D13,D14,D16,D10,D15) -> 32930.61 | E20: Total Individual | F20: =SUM(F6,F7,F9,F11,F13,F10,F12,F17) -> 43515.65 | G20: =SUM(G6,G7,G9,G11,G12,G13,G14,G16,G10,G16) -> 33990.41 | H20: Total Individual | I20: =SUM(I6,I7,I9,I11,I13,I12,I10,I17) -> 42381.49 | J20: =SUM(J6,J7,J9,J11,J12,J13,J14,J16,J10,J16) -> 33447.49
B23: Dinheiro total possivel casa | C23: =SUM(C6,D6,C7,D7,C9,D9,C11,D11) -> 46966.58 | E23: Dinheiro total possivel casa | F23: =SUM(F6,F7,G7,G6,F9,F11,G11,G9) -> 48718.06 | H23: Dinheiro total possivel casa | I23: =SUM(I6,I7,J7,J6,I9,I11,J11,J9) -> 47162.78
B24: Dinheiro possivel casa individual | C24: =SUM(C6,C7,C9,C11) -> 33820.78 | D24: =SUM(D6,D7,D9,D11) -> 13145.8 | E24: Dinheiro possivel casa individual | F24: =SUM(F6,F7,F9,F11) -> 34104.69 | G24: =SUM(G6,G7,G9,G11) -> 14613.37 | H24: Dinheiro possivel casa individual | I24: =SUM(I6,I7,I9,I11) -> 32939.89 | J24: =SUM(J6,J7,J9,J11) -> 14222.89
B26: Ganho/Perda Casa Total Mensal | C26: =C23-'4º Trimestre 2025'!I22 -> 1208.55 | E26: Ganho/Perda Casa Total Mensal | F26: =F23-C23 -> 1751.48 | H26: Ganho/Perda Casa Total Mensal | I26: =I23-F23 -> -1555.28
B27: Ganho/Perda Casa Individual Mensal | C27: =C24-'4º Trimestre 2025'!I23 -> 123.73 | D27: =D24-'4º Trimestre 2025'!J23 -> 1084.82 | E27: Ganho/Perda Casa Individual Mensal | F27: =F24-C24 -> 283.91 | G27: =G24-D24 -> 1467.57 | H27: Ganho/Perda Casa Individual Mensal | I27: =I24-F24 -> -1164.8 | J27: =J24-G24 -> -390.48
B30: Dinheiro investido total (não possível casa) | C30: =C31+D31 -> 29820.09 | E30: Dinheiro investido total (não possível casa) | F30: =F31+G31 -> 28788 | H30: Dinheiro investido total (não possível casa) | I30: =I31+J31 -> 28666.2
B31: Dinheiro investido individual (não possível casa) | C31: =C20-C24 -> 10035.28 | D31: =D20-D24 -> 19784.81 | E31: Dinheiro investido individual (não possível casa) | F31: =F20-F24 -> 9410.96 | G31: =G20-G24 -> 19377.04 | H31: Dinheiro investido individual (não possível casa) | I31: =I20-I24 -> 9441.6 | J31: =J20-J24 -> 19224.6
B33: Legenda:
B35: Ações Accenture | C35: valor de hoje | E35: Balanço Ganho/Perda Casa Trimestral | F35: =SUM(I26,F26,C26) -> 1404.75
B36: Trade Republic | C36: Saldo + Carteira | E36: Balanço Ganho/Perda Casa Trimestral | F36: =SUM(I27,F27,C27) -> -757.16 | G36: =SUM(J27,G27,D27) -> 2161.91
B37: Certificados de Aforro | C37: valor colocado com lucro
B38: PPR (não se pode levantar) | C38: com valorização

Sheet 2º Trimestre 2026
C4: 29 de Abril 2026 | F4: 28 de Maio de 2026 | I4: 26 de Junho de 2026
C5: Inês | D5: Dany | F5: Inês | G5: Dany | I5: Inês | J5: Dany
B6: Conta à Ordem | C6: 1671.17 | D6: 466.7 | E6: Conta à Ordem | F6: 1836.14 | G6: 356.11 | H6: Conta à Ordem
B7: Conta Poupança | C7: 37.76 | D7: 554.7 | E7: Conta Poupança | F7: 37.76 | G7: 579.87 | H7: Conta Poupança
B8: Conta Conjunta | C8: 841.25 | E8: Conta Conjunta | F8: 858.78 | H8: Conta Conjunta
B9: Certificados de Aforro | C9: 16447.52 | D9: 4923.13 | E9: Certificados de Aforro | F9: 16552.02 | G9: 4923.13 | H9: Certificados de Aforro
B10: Trade Republic (Carteira) | C10: 4130.72 | D10: 4364.3 | E10: Trade Republic (Carteira) | F10: 4540.4 | G10: 4837.92 | H10: Trade Republic (Carteira)
B11: Trade Republic (Saldo) | C11: 14696.25 | D11: 8503.19 | E11: Trade Republic (Saldo) | F11: 19052.68 | G11: 9951.23 | H11: Trade Republic (Saldo)
B12: PPR (não se pode levantar) | C12: 2544.88 | D12: 8919.77 | E12: PPR (não se pode levantar) | F12: 2609.46 | G12: 9129.68 | H12: PPR (não se pode levantar)
B13: Ações Accenture | C13: 2665.08 | D13: 4351.3 | E13: Ações Accenture | F13: 3793.71 | H13: Ações Accenture
B14: DEGIRO | D14: 903.69 | E14: DEGIRO | G14: 956.54 | H14: DEGIRO
B15: Trust Wallet | D15: 211.77 | E15: Trust Wallet | G15: 200.84 | H15: Trust Wallet
B16: XTB | D16: 1110.64 | E16: XTB | G16: 1153.78 | H16: XTB
B17: CGD Pensões | C17: 455.71 | E17: CGD Pensões | F17: 514.43 | H17: CGD Pensões
B19: Total juntos | C19: =SUM(C9:D17,C6:D7) -> 76958.28 | E19: Total juntos | F19: =SUM(F6:F7,F9:F13,F14,F16,G6:G7,G9:G16) -> 80511.27 | H19: Total juntos | I19: =SUM(I6:I7,I9:I13,I14,I16,J6:J7,J9:J16) -> 0
B20: Total Individual | C20: =SUM(C6,C7,C9,C11,C13,C10,C12,C17) -> 42649.09 | D20: =SUM(D6,D7,D9,D11,D12,D13,D14,D16,D10,D15) -> 34309.19 | E20: Total Individual | F20: =SUM(F6,F7,F9,F11,F13,F10,F12,F17) -> 48936.6 | G20: =SUM(G6,G7,G9,G11,G12,G13,G14,G16,G10,G16) -> 33042.04 | H20: Total Individual | I20: =SUM(I6,I7,I9,I11,I13,I12,I10,I17) -> 0 | J20: =SUM(J6,J7,J9,J11,J12,J13,J14,J16,J10,J16) -> 0
B23: Dinheiro total possivel casa | C23: =SUM(C6,D6,C7,D7,C9,D9,C11,D11) -> 47300.42 | E23: Dinheiro total possivel casa | F23: =SUM(F6,F7,G7,G6,F9,F11,G11,G9) -> 53288.94 | H23: Dinheiro total possivel casa | I23: =SUM(I6,I7,J7,J6,I9,I11,J11,J9) -> 0
B24: Dinheiro possivel casa individual | C24: =SUM(C6,C7,C9,C11) -> 32852.7 | D24: =SUM(D6,D7,D9,D11) -> 14447.72 | E24: Dinheiro possivel casa individual | F24: =SUM(F6,F7,F9,F11) -> 37478.6 | G24: =SUM(G6,G7,G9,G11) -> 15810.34 | H24: Dinheiro possivel casa individual | I24: =SUM(I6,I7,I9,I11) -> 0 | J24: =SUM(J6,J7,J9,J11) -> 0
B26: Ganho/Perda Casa Total Mensal | C26: =C23-'1º Trimestre 2026'!I23 -> 137.64 | E26: Ganho/Perda Casa Total Mensal | F26: =F23-C23 -> 5988.52 | H26: Ganho/Perda Casa Total Mensal | I26: =I23-F23 -> -53288.94
B27: Ganho/Perda Casa Individual Mensal | C27: =C24-'1º Trimestre 2026'!I24 -> -87.19 | D27: =D24-'1º Trimestre 2026'!J24 -> 224.83 | E27: Ganho/Perda Casa Individual Mensal | F27: =F24-C24 -> 4625.9 | G27: =G24-D24 -> 1362.62 | H27: Ganho/Perda Casa Individual Mensal | I27: =I24-F24 -> -37478.6 | J27: =J24-G24 -> -15810.34
B30: Dinheiro investido total (não possível casa) | C30: =C31+D31 -> 29657.86 | E30: Dinheiro investido total (não possível casa) | F30: =F31+G31 -> 28689.7 | H30: Dinheiro investido total (não possível casa) | I30: =I31+J31 -> 0
B31: Dinheiro investido individual (não possível casa) | C31: =C20-C24 -> 9796.39 | D31: =D20-D24 -> 19861.47 | E31: Dinheiro investido individual (não possível casa) | F31: =F20-F24 -> 11458 | G31: =G20-G24 -> 17231.7 | H31: Dinheiro investido individual (não possível casa) | I31: =I20-I24 -> 0 | J31: =J20-J24 -> 0
B33: Legenda:
B35: Ações Accenture | C35: valor de hoje | E35: Balanço Ganho/Perda Casa Trimestral | F35: =SUM(I26,F26,C26) -> -47162.78
B36: Trade Republic | C36: Saldo + Carteira | E36: Balanço Ganho/Perda Casa Trimestral | F36: =SUM(I27,F27,C27) -> -32939.89 | G36: =SUM(J27,G27,D27) -> -14222.89
B37: Certificados de Aforro | C37: valor colocado com lucro
B38: PPR (não se pode levantar) | C38: com valorização
